DPTO,GRADO,ATRASO,disponibilidad,ind_electricidad,ind_agua,ind_desague,ind_internet,Alumnos_1_Grado,Alumnos_2_Grado,Alumnos_3_Grado,Alumnos_4_Grado,Alumnos_5_Grado,Alumnos_6_Grado,Alumnos_Total,Docentes,particion
AMAZONAS,GRADO_1,1.11987535300419,SI,59.6273291925466,19.6428571428571,40.6055900621118,6.98757763975155,10269,10446,11874,11952,11397,10873,66811,4222,Educación C
ANCASH,GRADO_1,0.240482780525432,SI,81.505376344086,45.9677419354839,59.247311827957,23.010752688172,22039,22831,23227,22984,23115,22839,137035,8799,Educación B
APURIMAC,GRADO_1,0.18140589569161,SI,85.61872909699,30.4347826086957,43.8127090301003,21.850613154961,8820,8718,8737,8751,8579,8911,52516,3831,Educación B
AREQUIPA,GRADO_1,0.126422250316056,SI,82.7536231884058,65.1449275362319,72.3913043478261,47.3188405797102,26894,27117,26929,26330,25755,26605,159630,9432,Educación A
AYACUCHO,GRADO_1,0.118212042851866,SI,84.9343469246717,36.9730476848652,46.371803731859,25.5701451278507,13535,13494,13948,13486,13694,13519,81676,6045,Educación B
CAJAMARCA,GRADO_1,0.223556890223557,SI,78.9837722798617,19.8989092843841,37.4833732375632,13.7536578877361,29970,30978,32390,31596,31636,31551,188121,12925,Educación B
CALLAO,GRADO_1,0.824261275272162,SI,83.3020637898687,79.7373358348968,83.8649155722326,64.7279549718574,19290,19476,20563,19609,19120,19277,117335,5411,Educación A
CUSCO,GRADO_1,0.212232297896971,SI,82.6110219368646,33.3333333333333,47.7260567148208,25.5216693418941,25915,26282,26633,26002,25884,26209,156925,9805,Educación B
HUANCAVELICA,GRADO_1,0.286981476650144,SI,86.2126245847176,25.5813953488372,42.1926910299003,19.4352159468439,7666,8163,7748,7707,7768,7802,46854,3842,Educación B
HUANUCO,GRADO_1,0.451628238649869,SI,68.4089603676048,20.964962665135,40.4365307294658,12.1194715680643,16828,17287,17612,17207,17160,17167,103261,6613,Educación C
ICA,GRADO_1,0.323781771086288,SI,89.1437308868502,76.605504587156,84.5565749235474,62.2324159021407,18531,18938,18927,18084,17751,18017,110248,5513,Educación A
JUNIN,GRADO_1,0.325335502236682,SI,73.4513274336283,34.646017699115,45.929203539823,30.929203539823,27049,26467,27366,26886,26531,27335,161634,10197,Educación B
LA LIBERTAD,GRADO_1,0.388954716397919,SI,84.1346153846154,40.1923076923077,53.8461538461539,32.8846153846154,38822,39475,40705,39882,39277,38753,236914,12757,Educación B
LAMBAYEQUE,GRADO_1,0.223532585655374,SI,70.7251566696509,42.8827215756491,55.9534467323187,51.9247985675918,25947,26903,27901,26998,26184,25841,159774,8089,Educación B
LIMA,GRADO_1,0.195269748741403,SI,92.7406628090479,83.9908819919341,88.3044011923549,71.0152551288796,173606,177474,181114,175222,172755,173288,1053459,54549,Educación A
LORETO,GRADO_1,1.70879061952597,SI,12.8582802547771,5.73248407643312,24.2834394904459,5.97133757961784,27973,27948,33402,32998,30924,30686,183931,9914,Educación C
MADRE DE DIOS,GRADO_1,0.482985729967069,SI,58.0487804878049,24.8780487804878,35.1219512195122,23.4146341463415,4555,4470,4790,4564,4428,4283,27090,1218,Educación C
MOQUEGUA,GRADO_1,0.0623441396508728,SI,72.1951219512195,46.3414634146342,62.9268292682927,30.2439024390244,3208,3353,3177,3078,3148,3284,19248,1293,Educación B
PASCO,GRADO_1,0.735539953192912,SI,59.2644978783593,17.3974540311174,31.4002828854314,14.002828854314,5982,5831,6213,6162,6107,5900,36195,2419,Educación C
PIURA,GRADO_1,0.159366284656308,SI,77.6331842212282,32.2488816592111,45.0589670597804,24.0748271655144,42669,43915,45824,44482,43995,43435,264320,13461,Educación B
PUNO,GRADO_1,0.214807389374194,SI,76.8167860798362,26.4585465711361,36.0798362333675,15.9160696008188,20949,21891,21554,21882,21993,22060,130329,9663,Educación B
SAN MARTIN,GRADO_1,0.501612325331422,SI,78.4156976744186,25.6540697674419,46.7296511627907,17.5145348837209,19537,20877,22895,21771,21540,21243,127863,7078,Educación B
TACNA,GRADO_1,0.135386698256896,SI,84.2105263157895,59.919028340081,73.6842105263158,49.7975708502024,5909,5894,6215,5872,6136,6132,36158,1973,Educación A
TUMBES,GRADO_1,0.136239782016349,SI,80.4469273743017,65.9217877094972,69.8324022346369,43.5754189944134,5138,5345,5482,5430,5074,5155,31624,1662,Educación A
UCAYALI,GRADO_1,2.31794475564999,SI,23.4966592427617,5.12249443207127,28.0623608017817,11.358574610245,15531,15802,17811,17366,16015,16134,98659,4597,Educación C
AMAZONAS,GRADO_2,1.7710128278767,SI,59.6273291925466,19.6428571428571,40.6055900621118,6.98757763975155,10269,10446,11874,11952,11397,10873,66811,4222,Educación C
ANCASH,GRADO_2,0.494941088870396,SI,81.505376344086,45.9677419354839,59.247311827957,23.010752688172,22039,22831,23227,22984,23115,22839,137035,8799,Educación B
APURIMAC,GRADO_2,0.332645102087635,SI,85.61872909699,30.4347826086957,43.8127090301003,21.850613154961,8820,8718,8737,8751,8579,8911,52516,3831,Educación B
AREQUIPA,GRADO_2,0.261828373345134,SI,82.7536231884058,65.1449275362319,72.3913043478261,47.3188405797102,26894,27117,26929,26330,25755,26605,159630,9432,Educación A
AYACUCHO,GRADO_2,0.452052764191493,SI,84.9343469246717,36.9730476848652,46.371803731859,25.5701451278507,13535,13494,13948,13486,13694,13519,81676,6045,Educación B
CAJAMARCA,GRADO_2,0.484214603912454,SI,78.9837722798617,19.8989092843841,37.4833732375632,13.7536578877361,29970,30978,32390,31596,31636,31551,188121,12925,Educación B
CALLAO,GRADO_2,0.872869172314644,SI,83.3020637898687,79.7373358348968,83.8649155722326,64.7279549718574,19290,19476,20563,19609,19120,19277,117335,5411,Educación A
CUSCO,GRADO_2,0.715318468914086,SI,82.6110219368646,33.3333333333333,47.7260567148208,25.5216693418941,25915,26282,26633,26002,25884,26209,156925,9805,Educación B
HUANCAVELICA,GRADO_2,0.575768712483156,SI,86.2126245847176,25.5813953488372,42.1926910299003,19.4352159468439,7666,8163,7748,7707,7768,7802,46854,3842,Educación B
HUANUCO,GRADO_2,1.17429282119512,SI,68.4089603676048,20.964962665135,40.4365307294658,12.1194715680643,16828,17287,17612,17207,17160,17167,103261,6613,Educación C
ICA,GRADO_2,0.908226845495829,SI,89.1437308868502,76.605504587156,84.5565749235474,62.2324159021407,18531,18938,18927,18084,17751,18017,110248,5513,Educación A
JUNIN,GRADO_2,1.77201798466014,SI,73.4513274336283,34.646017699115,45.929203539823,30.929203539823,27049,26467,27366,26886,26531,27335,161634,10197,Educación B
LA LIBERTAD,GRADO_2,0.873970867637745,SI,84.1346153846154,40.1923076923077,53.8461538461539,32.8846153846154,38822,39475,40705,39882,39277,38753,236914,12757,Educación B
LAMBAYEQUE,GRADO_2,0.531539233542728,SI,70.7251566696509,42.8827215756491,55.9534467323187,51.9247985675918,25947,26903,27901,26998,26184,25841,159774,8089,Educación B
LIMA,GRADO_2,0.591072495126047,SI,92.7406628090479,83.9908819919341,88.3044011923549,71.0152551288796,173606,177474,181114,175222,172755,173288,1053459,54549,Educación A
LORETO,GRADO_2,2.75869471876342,SI,12.8582802547771,5.73248407643312,24.2834394904459,5.97133757961784,27973,27948,33402,32998,30924,30686,183931,9914,Educación C
MADRE DE DIOS,GRADO_2,3.84787472035794,SI,58.0487804878049,24.8780487804878,35.1219512195122,23.4146341463415,4555,4470,4790,4564,4428,4283,27090,1218,Educación C
MOQUEGUA,GRADO_2,0.0894721145243066,SI,72.1951219512195,46.3414634146342,62.9268292682927,30.2439024390244,3208,3353,3177,3078,3148,3284,19248,1293,Educación B
PASCO,GRADO_2,1.83501972217458,SI,59.2644978783593,17.3974540311174,31.4002828854314,14.002828854314,5982,5831,6213,6162,6107,5900,36195,2419,Educación C
PIURA,GRADO_2,0.676306501195491,SI,77.6331842212282,32.2488816592111,45.0589670597804,24.0748271655144,42669,43915,45824,44482,43995,43435,264320,13461,Educación B
PUNO,GRADO_2,0.328902288611758,SI,76.8167860798362,26.4585465711361,36.0798362333675,15.9160696008188,20949,21891,21554,21882,21993,22060,130329,9663,Educación B
SAN MARTIN,GRADO_2,1.29807922594242,SI,78.4156976744186,25.6540697674419,46.7296511627907,17.5145348837209,19537,20877,22895,21771,21540,21243,127863,7078,Educación B
TACNA,GRADO_2,0.288428910756702,SI,84.2105263157895,59.919028340081,73.6842105263158,49.7975708502024,5909,5894,6215,5872,6136,6132,36158,1973,Educación A
TUMBES,GRADO_2,0.280636108512629,SI,80.4469273743017,65.9217877094972,69.8324022346369,43.5754189944134,5138,5345,5482,5430,5074,5155,31624,1662,Educación A
UCAYALI,GRADO_2,4.6829515251234,SI,23.4966592427617,5.12249443207127,28.0623608017817,11.358574610245,15531,15802,17811,17366,16015,16134,98659,4597,Educación C
AMAZONAS,GRADO_3,6.03840323395654,SI,59.6273291925466,19.6428571428571,40.6055900621118,6.98757763975155,10269,10446,11874,11952,11397,10873,66811,4222,Educación C
ANCASH,GRADO_3,2.44542988763077,SI,81.505376344086,45.9677419354839,59.247311827957,23.010752688172,22039,22831,23227,22984,23115,22839,137035,8799,Educación B
APURIMAC,GRADO_3,1.49937049330434,SI,85.61872909699,30.4347826086957,43.8127090301003,21.850613154961,8820,8718,8737,8751,8579,8911,52516,3831,Educación B
AREQUIPA,GRADO_3,0.660997437706562,SI,82.7536231884058,65.1449275362319,72.3913043478261,47.3188405797102,26894,27117,26929,26330,25755,26605,159630,9432,Educación A
AYACUCHO,GRADO_3,1.49842271293375,SI,84.9343469246717,36.9730476848652,46.371803731859,25.5701451278507,13535,13494,13948,13486,13694,13519,81676,6045,Educación B
CAJAMARCA,GRADO_3,2.23525779561593,SI,78.9837722798617,19.8989092843841,37.4833732375632,13.7536578877361,29970,30978,32390,31596,31636,31551,188121,12925,Educación B
CALLAO,GRADO_3,1.95983076399358,SI,83.3020637898687,79.7373358348968,83.8649155722326,64.7279549718574,19290,19476,20563,19609,19120,19277,117335,5411,Educación A
CUSCO,GRADO_3,1.83231329553561,SI,82.6110219368646,33.3333333333333,47.7260567148208,25.5216693418941,25915,26282,26633,26002,25884,26209,156925,9805,Educación B
HUANCAVELICA,GRADO_3,2.60712441920496,SI,86.2126245847176,25.5813953488372,42.1926910299003,19.4352159468439,7666,8163,7748,7707,7768,7802,46854,3842,Educación B
HUANUCO,GRADO_3,4.38905291846468,SI,68.4089603676048,20.964962665135,40.4365307294658,12.1194715680643,16828,17287,17612,17207,17160,17167,103261,6613,Educación C
ICA,GRADO_3,2.33000475511175,SI,89.1437308868502,76.605504587156,84.5565749235474,62.2324159021407,18531,18938,18927,18084,17751,18017,110248,5513,Educación A
JUNIN,GRADO_3,3.01834393042461,SI,73.4513274336283,34.646017699115,45.929203539823,30.929203539823,27049,26467,27366,26886,26531,27335,161634,10197,Educación B
LA LIBERTAD,GRADO_3,2.45424395037465,SI,84.1346153846154,40.1923076923077,53.8461538461539,32.8846153846154,38822,39475,40705,39882,39277,38753,236914,12757,Educación B
LAMBAYEQUE,GRADO_3,2.03576932726426,SI,70.7251566696509,42.8827215756491,55.9534467323187,51.9247985675918,25947,26903,27901,26998,26184,25841,159774,8089,Educación B
LIMA,GRADO_3,1.3969102333337,SI,92.7406628090479,83.9908819919341,88.3044011923549,71.0152551288796,173606,177474,181114,175222,172755,173288,1053459,54549,Educación A
LORETO,GRADO_3,7.83486018801269,SI,12.8582802547771,5.73248407643312,24.2834394904459,5.97133757961784,27973,27948,33402,32998,30924,30686,183931,9914,Educación C
MADRE DE DIOS,GRADO_3,4.13361169102297,SI,58.0487804878049,24.8780487804878,35.1219512195122,23.4146341463415,4555,4470,4790,4564,4428,4283,27090,1218,Educación C
MOQUEGUA,GRADO_3,0.629524708844822,SI,72.1951219512195,46.3414634146342,62.9268292682927,30.2439024390244,3208,3353,3177,3078,3148,3284,19248,1293,Educación B
PASCO,GRADO_3,3.71801062288749,SI,59.2644978783593,17.3974540311174,31.4002828854314,14.002828854314,5982,5831,6213,6162,6107,5900,36195,2419,Educación C
PIURA,GRADO_3,1.87019902234637,SI,77.6331842212282,32.2488816592111,45.0589670597804,24.0748271655144,42669,43915,45824,44482,43995,43435,264320,13461,Educación B
PUNO,GRADO_3,0.788716711515264,SI,76.8167860798362,26.4585465711361,36.0798362333675,15.9160696008188,20949,21891,21554,21882,21993,22060,130329,9663,Educación B
SAN MARTIN,GRADO_3,3.61214238916794,SI,78.4156976744186,25.6540697674419,46.7296511627907,17.5145348837209,19537,20877,22895,21771,21540,21243,127863,7078,Educación B
TACNA,GRADO_3,0.707964601769912,SI,84.2105263157895,59.919028340081,73.6842105263158,49.7975708502024,5909,5894,6215,5872,6136,6132,36158,1973,Educación A
TUMBES,GRADO_3,2.17074060561839,SI,80.4469273743017,65.9217877094972,69.8324022346369,43.5754189944134,5138,5345,5482,5430,5074,5155,31624,1662,Educación A
UCAYALI,GRADO_3,9.22463646061423,SI,23.4966592427617,5.12249443207127,28.0623608017817,11.358574610245,15531,15802,17811,17366,16015,16134,98659,4597,Educación C
AMAZONAS,GRADO_4,9.62182061579652,SI,59.6273291925466,19.6428571428571,40.6055900621118,6.98757763975155,10269,10446,11874,11952,11397,10873,66811,4222,Educación C
ANCASH,GRADO_4,4.02453880960668,SI,81.505376344086,45.9677419354839,59.247311827957,23.010752688172,22039,22831,23227,22984,23115,22839,137035,8799,Educación B
APURIMAC,GRADO_4,2.36544394926294,SI,85.61872909699,30.4347826086957,43.8127090301003,21.850613154961,8820,8718,8737,8751,8579,8911,52516,3831,Educación B
AREQUIPA,GRADO_4,1.37105962780099,SI,82.7536231884058,65.1449275362319,72.3913043478261,47.3188405797102,26894,27117,26929,26330,25755,26605,159630,9432,Educación A
AYACUCHO,GRADO_4,2.66201987246033,SI,84.9343469246717,36.9730476848652,46.371803731859,25.5701451278507,13535,13494,13948,13486,13694,13519,81676,6045,Educación B
CAJAMARCA,GRADO_4,4.332826940119,SI,78.9837722798617,19.8989092843841,37.4833732375632,13.7536578877361,29970,30978,32390,31596,31636,31551,188121,12925,Educación B
CALLAO,GRADO_4,3.44739660360039,SI,83.3020637898687,79.7373358348968,83.8649155722326,64.7279549718574,19290,19476,20563,19609,19120,19277,117335,5411,Educación A
CUSCO,GRADO_4,3.06899469271595,SI,82.6110219368646,33.3333333333333,47.7260567148208,25.5216693418941,25915,26282,26633,26002,25884,26209,156925,9805,Educación B
HUANCAVELICA,GRADO_4,4.26884650317893,SI,86.2126245847176,25.5813953488372,42.1926910299003,19.4352159468439,7666,8163,7748,7707,7768,7802,46854,3842,Educación B
HUANUCO,GRADO_4,7.24705061893415,SI,68.4089603676048,20.964962665135,40.4365307294658,12.1194715680643,16828,17287,17612,17207,17160,17167,103261,6613,Educación C
ICA,GRADO_4,2.68192877681929,SI,89.1437308868502,76.605504587156,84.5565749235474,62.2324159021407,18531,18938,18927,18084,17751,18017,110248,5513,Educación A
JUNIN,GRADO_4,4.61206575913115,SI,73.4513274336283,34.646017699115,45.929203539823,30.929203539823,27049,26467,27366,26886,26531,27335,161634,10197,Educación B
LA LIBERTAD,GRADO_4,3.95416478611905,SI,84.1346153846154,40.1923076923077,53.8461538461539,32.8846153846154,38822,39475,40705,39882,39277,38753,236914,12757,Educación B
LAMBAYEQUE,GRADO_4,3.11134158085784,SI,70.7251566696509,42.8827215756491,55.9534467323187,51.9247985675918,25947,26903,27901,26998,26184,25841,159774,8089,Educación B
LIMA,GRADO_4,2.06366780427115,SI,92.7406628090479,83.9908819919341,88.3044011923549,71.0152551288796,173606,177474,181114,175222,172755,173288,1053459,54549,Educación A
LORETO,GRADO_4,11.3794775440936,SI,12.8582802547771,5.73248407643312,24.2834394904459,5.97133757961784,27973,27948,33402,32998,30924,30686,183931,9914,Educación C
MADRE DE DIOS,GRADO_4,6.94566170026293,SI,58.0487804878049,24.8780487804878,35.1219512195122,23.4146341463415,4555,4470,4790,4564,4428,4283,27090,1218,Educación C
MOQUEGUA,GRADO_4,1.16959064327485,SI,72.1951219512195,46.3414634146342,62.9268292682927,30.2439024390244,3208,3353,3177,3078,3148,3284,19248,1293,Educación B
PASCO,GRADO_4,5.3554040895813,SI,59.2644978783593,17.3974540311174,31.4002828854314,14.002828854314,5982,5831,6213,6162,6107,5900,36195,2419,Educación C
PIURA,GRADO_4,3.04842408165101,SI,77.6331842212282,32.2488816592111,45.0589670597804,24.0748271655144,42669,43915,45824,44482,43995,43435,264320,13461,Educación B
PUNO,GRADO_4,1.35270998994607,SI,76.8167860798362,26.4585465711361,36.0798362333675,15.9160696008188,20949,21891,21554,21882,21993,22060,130329,9663,Educación B
SAN MARTIN,GRADO_4,5.66349731293923,SI,78.4156976744186,25.6540697674419,46.7296511627907,17.5145348837209,19537,20877,22895,21771,21540,21243,127863,7078,Educación B
TACNA,GRADO_4,0.800408719346049,SI,84.2105263157895,59.919028340081,73.6842105263158,49.7975708502024,5909,5894,6215,5872,6136,6132,36158,1973,Educación A
TUMBES,GRADO_4,2.92817679558011,SI,80.4469273743017,65.9217877094972,69.8324022346369,43.5754189944134,5138,5345,5482,5430,5074,5155,31624,1662,Educación A
UCAYALI,GRADO_4,13.065760681792,SI,23.4966592427617,5.12249443207127,28.0623608017817,11.358574610245,15531,15802,17811,17366,16015,16134,98659,4597,Educación C
AMAZONAS,GRADO_5,11.1959287531807,SI,59.6273291925466,19.6428571428571,40.6055900621118,6.98757763975155,10269,10446,11874,11952,11397,10873,66811,4222,Educación C
ANCASH,GRADO_5,5.54185593770279,SI,81.505376344086,45.9677419354839,59.247311827957,23.010752688172,22039,22831,23227,22984,23115,22839,137035,8799,Educación B
APURIMAC,GRADO_5,3.40366010024478,SI,85.61872909699,30.4347826086957,43.8127090301003,21.850613154961,8820,8718,8737,8751,8579,8911,52516,3831,Educación B
AREQUIPA,GRADO_5,1.52591729761211,SI,82.7536231884058,65.1449275362319,72.3913043478261,47.3188405797102,26894,27117,26929,26330,25755,26605,159630,9432,Educación A
AYACUCHO,GRADO_5,3.44676500657222,SI,84.9343469246717,36.9730476848652,46.371803731859,25.5701451278507,13535,13494,13948,13486,13694,13519,81676,6045,Educación B
CAJAMARCA,GRADO_5,5.03856366165128,SI,78.9837722798617,19.8989092843841,37.4833732375632,13.7536578877361,29970,30978,32390,31596,31636,31551,188121,12925,Educación B
CALLAO,GRADO_5,3.56694560669456,SI,83.3020637898687,79.7373358348968,83.8649155722326,64.7279549718574,19290,19476,20563,19609,19120,19277,117335,5411,Educación A
CUSCO,GRADO_5,3.75521557719054,SI,82.6110219368646,33.3333333333333,47.7260567148208,25.5216693418941,25915,26282,26633,26002,25884,26209,156925,9805,Educación B
HUANCAVELICA,GRADO_5,5.38105046343975,SI,86.2126245847176,25.5813953488372,42.1926910299003,19.4352159468439,7666,8163,7748,7707,7768,7802,46854,3842,Educación B
HUANUCO,GRADO_5,8.71212121212121,SI,68.4089603676048,20.964962665135,40.4365307294658,12.1194715680643,16828,17287,17612,17207,17160,17167,103261,6613,Educación C
ICA,GRADO_5,3.29558898090248,SI,89.1437308868502,76.605504587156,84.5565749235474,62.2324159021407,18531,18938,18927,18084,17751,18017,110248,5513,Educación A
JUNIN,GRADO_5,5.47284308921639,SI,73.4513274336283,34.646017699115,45.929203539823,30.929203539823,27049,26467,27366,26886,26531,27335,161634,10197,Educación B
LA LIBERTAD,GRADO_5,4.97237569060774,SI,84.1346153846154,40.1923076923077,53.8461538461539,32.8846153846154,38822,39475,40705,39882,39277,38753,236914,12757,Educación B
LAMBAYEQUE,GRADO_5,3.75802016498625,SI,70.7251566696509,42.8827215756491,55.9534467323187,51.9247985675918,25947,26903,27901,26998,26184,25841,159774,8089,Educación B
LIMA,GRADO_5,2.24479754565714,SI,92.7406628090479,83.9908819919341,88.3044011923549,71.0152551288796,173606,177474,181114,175222,172755,173288,1053459,54549,Educación A
LORETO,GRADO_5,14.6843875307205,SI,12.8582802547771,5.73248407643312,24.2834394904459,5.97133757961784,27973,27948,33402,32998,30924,30686,183931,9914,Educación C
MADRE DE DIOS,GRADO_5,7.79132791327913,SI,58.0487804878049,24.8780487804878,35.1219512195122,23.4146341463415,4555,4470,4790,4564,4428,4283,27090,1218,Educación C
MOQUEGUA,GRADO_5,1.55654383735705,SI,72.1951219512195,46.3414634146342,62.9268292682927,30.2439024390244,3208,3353,3177,3078,3148,3284,19248,1293,Educación B
PASCO,GRADO_5,7.041100376617,SI,59.2644978783593,17.3974540311174,31.4002828854314,14.002828854314,5982,5831,6213,6162,6107,5900,36195,2419,Educación C
PIURA,GRADO_5,3.95272190021593,SI,77.6331842212282,32.2488816592111,45.0589670597804,24.0748271655144,42669,43915,45824,44482,43995,43435,264320,13461,Educación B
PUNO,GRADO_5,1.24130405128905,SI,76.8167860798362,26.4585465711361,36.0798362333675,15.9160696008188,20949,21891,21554,21882,21993,22060,130329,9663,Educación B
SAN MARTIN,GRADO_5,6.25812441968431,SI,78.4156976744186,25.6540697674419,46.7296511627907,17.5145348837209,19537,20877,22895,21771,21540,21243,127863,7078,Educación B
TACNA,GRADO_5,1.30378096479791,SI,84.2105263157895,59.919028340081,73.6842105263158,49.7975708502024,5909,5894,6215,5872,6136,6132,36158,1973,Educación A
TUMBES,GRADO_5,2.95624753646039,SI,80.4469273743017,65.9217877094972,69.8324022346369,43.5754189944134,5138,5345,5482,5430,5074,5155,31624,1662,Educación A
UCAYALI,GRADO_5,17.3961910708711,SI,23.4966592427617,5.12249443207127,28.0623608017817,11.358574610245,15531,15802,17811,17366,16015,16134,98659,4597,Educación C
AMAZONAS,GRADO_6,11.6895061160673,SI,59.6273291925466,19.6428571428571,40.6055900621118,6.98757763975155,10269,10446,11874,11952,11397,10873,66811,4222,Educación C
ANCASH,GRADO_6,6.04229607250755,SI,81.505376344086,45.9677419354839,59.247311827957,23.010752688172,22039,22831,23227,22984,23115,22839,137035,8799,Educación B
APURIMAC,GRADO_6,4.6908315565032,SI,85.61872909699,30.4347826086957,43.8127090301003,21.850613154961,8820,8718,8737,8751,8579,8911,52516,3831,Educación B
AREQUIPA,GRADO_6,1.54106370982898,SI,82.7536231884058,65.1449275362319,72.3913043478261,47.3188405797102,26894,27117,26929,26330,25755,26605,159630,9432,Educación A
AYACUCHO,GRADO_6,4.3716251202012,SI,84.9343469246717,36.9730476848652,46.371803731859,25.5701451278507,13535,13494,13948,13486,13694,13519,81676,6045,Educación B
CAJAMARCA,GRADO_6,5.74942157142404,SI,78.9837722798617,19.8989092843841,37.4833732375632,13.7536578877361,29970,30978,32390,31596,31636,31551,188121,12925,Educación B
CALLAO,GRADO_6,3.59495772163718,SI,83.3020637898687,79.7373358348968,83.8649155722326,64.7279549718574,19290,19476,20563,19609,19120,19277,117335,5411,Educación A
CUSCO,GRADO_6,4.07493609065588,SI,82.6110219368646,33.3333333333333,47.7260567148208,25.5216693418941,25915,26282,26633,26002,25884,26209,156925,9805,Educación B
HUANCAVELICA,GRADO_6,6.66495770315304,SI,86.2126245847176,25.5813953488372,42.1926910299003,19.4352159468439,7666,8163,7748,7707,7768,7802,46854,3842,Educación B
HUANUCO,GRADO_6,9.01730063493913,SI,68.4089603676048,20.964962665135,40.4365307294658,12.1194715680643,16828,17287,17612,17207,17160,17167,103261,6613,Educación C
ICA,GRADO_6,3.641005716823,SI,89.1437308868502,76.605504587156,84.5565749235474,62.2324159021407,18531,18938,18927,18084,17751,18017,110248,5513,Educación A
JUNIN,GRADO_6,5.92280958478142,SI,73.4513274336283,34.646017699115,45.929203539823,30.929203539823,27049,26467,27366,26886,26531,27335,161634,10197,Educación B
LA LIBERTAD,GRADO_6,5.21249967744433,SI,84.1346153846154,40.1923076923077,53.8461538461539,32.8846153846154,38822,39475,40705,39882,39277,38753,236914,12757,Educación B
LAMBAYEQUE,GRADO_6,4.33419759297241,SI,70.7251566696509,42.8827215756491,55.9534467323187,51.9247985675918,25947,26903,27901,26998,26184,25841,159774,8089,Educación B
LIMA,GRADO_6,2.44217718480218,SI,92.7406628090479,83.9908819919341,88.3044011923549,71.0152551288796,173606,177474,181114,175222,172755,173288,1053459,54549,Educación A
LORETO,GRADO_6,15.1013491494493,SI,12.8582802547771,5.73248407643312,24.2834394904459,5.97133757961784,27973,27948,33402,32998,30924,30686,183931,9914,Educación C
MADRE DE DIOS,GRADO_6,7.86831660051366,SI,58.0487804878049,24.8780487804878,35.1219512195122,23.4146341463415,4555,4470,4790,4564,4428,4283,27090,1218,Educación C
MOQUEGUA,GRADO_6,1.61388550548112,SI,72.1951219512195,46.3414634146342,62.9268292682927,30.2439024390244,3208,3353,3177,3078,3148,3284,19248,1293,Educación B
PASCO,GRADO_6,7.66101694915254,SI,59.2644978783593,17.3974540311174,31.4002828854314,14.002828854314,5982,5831,6213,6162,6107,5900,36195,2419,Educación C
PIURA,GRADO_6,4.26844710486934,SI,77.6331842212282,32.2488816592111,45.0589670597804,24.0748271655144,42669,43915,45824,44482,43995,43435,264320,13461,Educación B
PUNO,GRADO_6,1.4687216681777,SI,76.8167860798362,26.4585465711361,36.0798362333675,15.9160696008188,20949,21891,21554,21882,21993,22060,130329,9663,Educación B
SAN MARTIN,GRADO_6,6.37386433177988,SI,78.4156976744186,25.6540697674419,46.7296511627907,17.5145348837209,19537,20877,22895,21771,21540,21243,127863,7078,Educación B
TACNA,GRADO_6,1.59817351598174,SI,84.2105263157895,59.919028340081,73.6842105263158,49.7975708502024,5909,5894,6215,5872,6136,6132,36158,1973,Educación A
TUMBES,GRADO_6,3.31716779825412,SI,80.4469273743017,65.9217877094972,69.8324022346369,43.5754189944134,5138,5345,5482,5430,5074,5155,31624,1662,Educación A
UCAYALI,GRADO_6,16.331969753316,SI,23.4966592427617,5.12249443207127,28.0623608017817,11.358574610245,15531,15802,17811,17366,16015,16134,98659,4597,Educación C
AMAZONAS,TOTAL,7.0557243567676,SI,59.6273291925466,19.6428571428571,40.6055900621118,6.98757763975155,10269,10446,11874,11952,11397,10873,66811,4222,Educación C
ANCASH,TOTAL,3.15247929361112,SI,81.505376344086,45.9677419354839,59.247311827957,23.010752688172,22039,22831,23227,22984,23115,22839,137035,8799,Educación B
APURIMAC,TOTAL,2.08127046995201,SI,85.61872909699,30.4347826086957,43.8127090301003,21.850613154961,8820,8718,8737,8751,8579,8911,52516,3831,Educación B
AREQUIPA,TOTAL,0.906471214683957,SI,82.7536231884058,65.1449275362319,72.3913043478261,47.3188405797102,26894,27117,26929,26330,25755,26605,159630,9432,Educación A
AYACUCHO,TOTAL,2.0911895783339,SI,84.9343469246717,36.9730476848652,46.371803731859,25.5701451278507,13535,13494,13948,13486,13694,13519,81676,6045,Educación B
CAJAMARCA,TOTAL,3.03953306648381,SI,78.9837722798617,19.8989092843841,37.4833732375632,13.7536578877361,29970,30978,32390,31596,31636,31551,188121,12925,Educación B
CALLAO,TOTAL,2.37184130907231,SI,83.3020637898687,79.7373358348968,83.8649155722326,64.7279549718574,19290,19476,20563,19609,19120,19277,117335,5411,Educación A
CUSCO,TOTAL,2.27433487334714,SI,82.6110219368646,33.3333333333333,47.7260567148208,25.5216693418941,25915,26282,26633,26002,25884,26209,156925,9805,Educación B
HUANCAVELICA,TOTAL,3.28253724335169,SI,86.2126245847176,25.5813953488372,42.1926910299003,19.4352159468439,7666,8163,7748,7707,7768,7802,46854,3842,Educación B
HUANUCO,TOTAL,5.17329872846476,SI,68.4089603676048,20.964962665135,40.4365307294658,12.1194715680643,16828,17287,17612,17207,17160,17167,103261,6613,Educación C
ICA,TOTAL,2.17600319280168,SI,89.1437308868502,76.605504587156,84.5565749235474,62.2324159021407,18531,18938,18927,18084,17751,18017,110248,5513,Educación A
JUNIN,TOTAL,3.52277367385575,SI,73.4513274336283,34.646017699115,45.929203539823,30.929203539823,27049,26467,27366,26886,26531,27335,161634,10197,Educación B
LA LIBERTAD,TOTAL,2.9736528867015,SI,84.1346153846154,40.1923076923077,53.8461538461539,32.8846153846154,38822,39475,40705,39882,39277,38753,236914,12757,Educación B
LAMBAYEQUE,TOTAL,2.32390751937111,SI,70.7251566696509,42.8827215756491,55.9534467323187,51.9247985675918,25947,26903,27901,26998,26184,25841,159774,8089,Educación B
LIMA,TOTAL,1.48501270576264,SI,92.7406628090479,83.9908819919341,88.3044011923549,71.0152551288796,173606,177474,181114,175222,172755,173288,1053459,54549,Educación A
LORETO,TOTAL,9.13168525153454,SI,12.8582802547771,5.73248407643312,24.2834394904459,5.97133757961784,27973,27948,33402,32998,30924,30686,183931,9914,Educación C
MADRE DE DIOS,TOTAL,5.13473606496862,SI,58.0487804878049,24.8780487804878,35.1219512195122,23.4146341463415,4555,4470,4790,4564,4428,4283,27090,1218,Educación C
MOQUEGUA,TOTAL,0.846841230257689,SI,72.1951219512195,46.3414634146342,62.9268292682927,30.2439024390244,3208,3353,3177,3078,3148,3284,19248,1293,Educación B
PASCO,TOTAL,4.4039231938113,SI,59.2644978783593,17.3974540311174,31.4002828854314,14.002828854314,5982,5831,6213,6162,6107,5900,36195,2419,Educación C
PIURA,TOTAL,2.3346700968523,SI,77.6331842212282,32.2488816592111,45.0589670597804,24.0748271655144,42669,43915,45824,44482,43995,43435,264320,13461,Educación B
PUNO,TOTAL,0.905400946834549,SI,76.8167860798362,26.4585465711361,36.0798362333675,15.9160696008188,20949,21891,21554,21882,21993,22060,130329,9663,Educación B
SAN MARTIN,TOTAL,4.01288879503844,SI,78.4156976744186,25.6540697674419,46.7296511627907,17.5145348837209,19537,20877,22895,21771,21540,21243,127863,7078,Educación B
TACNA,TOTAL,0.813098069583495,SI,84.2105263157895,59.919028340081,73.6842105263158,49.7975708502024,5909,5894,6215,5872,6136,6132,36158,1973,Educación A
TUMBES,TOTAL,1.9636984568682,SI,80.4469273743017,65.9217877094972,69.8324022346369,43.5754189944134,5138,5345,5482,5430,5074,5155,31624,1662,Educación A
UCAYALI,TOTAL,10.5748081776625,SI,23.4966592427617,5.12249443207127,28.0623608017817,11.358574610245,15531,15802,17811,17366,16015,16134,98659,4597,Educación C
AMAZONAS,GRADO_1,1.11987535300419,NO,40.3726708074534,80.3571428571429,59.3944099378882,93.0124223602485,10269,10446,11874,11952,11397,10873,66811,4222,
ANCASH,GRADO_1,0.240482780525432,NO,18.494623655914,54.0322580645161,40.752688172043,76.989247311828,22039,22831,23227,22984,23115,22839,137035,8799,
APURIMAC,GRADO_1,0.18140589569161,NO,14.38127090301,69.5652173913044,56.1872909698997,78.149386845039,8820,8718,8737,8751,8579,8911,52516,3831,
AREQUIPA,GRADO_1,0.126422250316056,NO,17.2463768115942,34.8550724637681,27.6086956521739,52.6811594202899,26894,27117,26929,26330,25755,26605,159630,9432,
AYACUCHO,GRADO_1,0.118212042851866,NO,15.0656530753283,63.0269523151348,53.628196268141,74.4298548721493,13535,13494,13948,13486,13694,13519,81676,6045,
CAJAMARCA,GRADO_1,0.223556890223557,NO,21.0162277201383,80.1010907156159,62.5166267624368,86.2463421122639,29970,30978,32390,31596,31636,31551,188121,12925,
CALLAO,GRADO_1,0.824261275272162,NO,16.6979362101313,20.2626641651032,16.1350844277674,35.2720450281426,19290,19476,20563,19609,19120,19277,117335,5411,
CUSCO,GRADO_1,0.212232297896971,NO,17.3889780631354,66.6666666666667,52.2739432851792,74.4783306581059,25915,26282,26633,26002,25884,26209,156925,9805,
HUANCAVELICA,GRADO_1,0.286981476650144,NO,13.7873754152824,74.4186046511628,57.8073089700997,80.5647840531561,7666,8163,7748,7707,7768,7802,46854,3842,
HUANUCO,GRADO_1,0.451628238649869,NO,31.5910396323952,79.035037334865,59.5634692705342,87.8805284319357,16828,17287,17612,17207,17160,17167,103261,6613,
ICA,GRADO_1,0.323781771086288,NO,10.8562691131499,23.394495412844,15.4434250764526,37.7675840978593,18531,18938,18927,18084,17751,18017,110248,5513,
JUNIN,GRADO_1,0.325335502236682,NO,26.5486725663717,65.353982300885,54.070796460177,69.070796460177,27049,26467,27366,26886,26531,27335,161634,10197,
LA LIBERTAD,GRADO_1,0.388954716397919,NO,15.8653846153846,59.8076923076923,46.1538461538462,67.1153846153846,38822,39475,40705,39882,39277,38753,236914,12757,
LAMBAYEQUE,GRADO_1,0.223532585655374,NO,29.2748433303492,57.117278424351,44.0465532676813,48.0752014324082,25947,26903,27901,26998,26184,25841,159774,8089,
LIMA,GRADO_1,0.195269748741403,NO,7.25933719095212,16.0091180080659,11.6955988076451,28.9847448711205,173606,177474,181114,175222,172755,173288,1053459,54549,
LORETO,GRADO_1,1.70879061952597,NO,87.1417197452229,94.2675159235669,75.7165605095542,94.0286624203822,27973,27948,33402,32998,30924,30686,183931,9914,
MADRE DE DIOS,GRADO_1,0.482985729967069,NO,41.9512195121951,75.1219512195122,64.8780487804878,76.5853658536585,4555,4470,4790,4564,4428,4283,27090,1218,
MOQUEGUA,GRADO_1,0.0623441396508728,NO,27.8048780487805,53.6585365853659,37.0731707317073,69.7560975609756,3208,3353,3177,3078,3148,3284,19248,1293,
PASCO,GRADO_1,0.735539953192912,NO,40.7355021216407,82.6025459688826,68.5997171145686,85.997171145686,5982,5831,6213,6162,6107,5900,36195,2419,
PIURA,GRADO_1,0.159366284656308,NO,22.3668157787719,67.7511183407889,54.9410329402196,75.9251728344856,42669,43915,45824,44482,43995,43435,264320,13461,
PUNO,GRADO_1,0.214807389374194,NO,23.1832139201638,73.5414534288639,63.9201637666326,84.0839303991812,20949,21891,21554,21882,21993,22060,130329,9663,
SAN MARTIN,GRADO_1,0.501612325331422,NO,21.5843023255814,74.3459302325582,53.2703488372093,82.4854651162791,19537,20877,22895,21771,21540,21243,127863,7078,
TACNA,GRADO_1,0.135386698256896,NO,15.7894736842105,40.080971659919,26.3157894736842,50.2024291497976,5909,5894,6215,5872,6136,6132,36158,1973,
TUMBES,GRADO_1,0.136239782016349,NO,19.5530726256983,34.0782122905028,30.1675977653631,56.4245810055866,5138,5345,5482,5430,5074,5155,31624,1662,
UCAYALI,GRADO_1,2.31794475564999,NO,76.5033407572383,94.8775055679287,71.9376391982183,88.641425389755,15531,15802,17811,17366,16015,16134,98659,4597,
AMAZONAS,GRADO_2,1.7710128278767,NO,40.3726708074534,80.3571428571429,59.3944099378882,93.0124223602485,10269,10446,11874,11952,11397,10873,66811,4222,
ANCASH,GRADO_2,0.494941088870396,NO,18.494623655914,54.0322580645161,40.752688172043,76.989247311828,22039,22831,23227,22984,23115,22839,137035,8799,
APURIMAC,GRADO_2,0.332645102087635,NO,14.38127090301,69.5652173913044,56.1872909698997,78.149386845039,8820,8718,8737,8751,8579,8911,52516,3831,
AREQUIPA,GRADO_2,0.261828373345134,NO,17.2463768115942,34.8550724637681,27.6086956521739,52.6811594202899,26894,27117,26929,26330,25755,26605,159630,9432,
AYACUCHO,GRADO_2,0.452052764191493,NO,15.0656530753283,63.0269523151348,53.628196268141,74.4298548721493,13535,13494,13948,13486,13694,13519,81676,6045,
CAJAMARCA,GRADO_2,0.484214603912454,NO,21.0162277201383,80.1010907156159,62.5166267624368,86.2463421122639,29970,30978,32390,31596,31636,31551,188121,12925,
CALLAO,GRADO_2,0.872869172314644,NO,16.6979362101313,20.2626641651032,16.1350844277674,35.2720450281426,19290,19476,20563,19609,19120,19277,117335,5411,
CUSCO,GRADO_2,0.715318468914086,NO,17.3889780631354,66.6666666666667,52.2739432851792,74.4783306581059,25915,26282,26633,26002,25884,26209,156925,9805,
HUANCAVELICA,GRADO_2,0.575768712483156,NO,13.7873754152824,74.4186046511628,57.8073089700997,80.5647840531561,7666,8163,7748,7707,7768,7802,46854,3842,
HUANUCO,GRADO_2,1.17429282119512,NO,31.5910396323952,79.035037334865,59.5634692705342,87.8805284319357,16828,17287,17612,17207,17160,17167,103261,6613,
ICA,GRADO_2,0.908226845495829,NO,10.8562691131499,23.394495412844,15.4434250764526,37.7675840978593,18531,18938,18927,18084,17751,18017,110248,5513,
JUNIN,GRADO_2,1.77201798466014,NO,26.5486725663717,65.353982300885,54.070796460177,69.070796460177,27049,26467,27366,26886,26531,27335,161634,10197,
LA LIBERTAD,GRADO_2,0.873970867637745,NO,15.8653846153846,59.8076923076923,46.1538461538462,67.1153846153846,38822,39475,40705,39882,39277,38753,236914,12757,
LAMBAYEQUE,GRADO_2,0.531539233542728,NO,29.2748433303492,57.117278424351,44.0465532676813,48.0752014324082,25947,26903,27901,26998,26184,25841,159774,8089,
LIMA,GRADO_2,0.591072495126047,NO,7.25933719095212,16.0091180080659,11.6955988076451,28.9847448711205,173606,177474,181114,175222,172755,173288,1053459,54549,
LORETO,GRADO_2,2.75869471876342,NO,87.1417197452229,94.2675159235669,75.7165605095542,94.0286624203822,27973,27948,33402,32998,30924,30686,183931,9914,
MADRE DE DIOS,GRADO_2,3.84787472035794,NO,41.9512195121951,75.1219512195122,64.8780487804878,76.5853658536585,4555,4470,4790,4564,4428,4283,27090,1218,
MOQUEGUA,GRADO_2,0.0894721145243066,NO,27.8048780487805,53.6585365853659,37.0731707317073,69.7560975609756,3208,3353,3177,3078,3148,3284,19248,1293,
PASCO,GRADO_2,1.83501972217458,NO,40.7355021216407,82.6025459688826,68.5997171145686,85.997171145686,5982,5831,6213,6162,6107,5900,36195,2419,
PIURA,GRADO_2,0.676306501195491,NO,22.3668157787719,67.7511183407889,54.9410329402196,75.9251728344856,42669,43915,45824,44482,43995,43435,264320,13461,
PUNO,GRADO_2,0.328902288611758,NO,23.1832139201638,73.5414534288639,63.9201637666326,84.0839303991812,20949,21891,21554,21882,21993,22060,130329,9663,
SAN MARTIN,GRADO_2,1.29807922594242,NO,21.5843023255814,74.3459302325582,53.2703488372093,82.4854651162791,19537,20877,22895,21771,21540,21243,127863,7078,
TACNA,GRADO_2,0.288428910756702,NO,15.7894736842105,40.080971659919,26.3157894736842,50.2024291497976,5909,5894,6215,5872,6136,6132,36158,1973,
TUMBES,GRADO_2,0.280636108512629,NO,19.5530726256983,34.0782122905028,30.1675977653631,56.4245810055866,5138,5345,5482,5430,5074,5155,31624,1662,
UCAYALI,GRADO_2,4.6829515251234,NO,76.5033407572383,94.8775055679287,71.9376391982183,88.641425389755,15531,15802,17811,17366,16015,16134,98659,4597,
AMAZONAS,GRADO_3,6.03840323395654,NO,40.3726708074534,80.3571428571429,59.3944099378882,93.0124223602485,10269,10446,11874,11952,11397,10873,66811,4222,
ANCASH,GRADO_3,2.44542988763077,NO,18.494623655914,54.0322580645161,40.752688172043,76.989247311828,22039,22831,23227,22984,23115,22839,137035,8799,
APURIMAC,GRADO_3,1.49937049330434,NO,14.38127090301,69.5652173913044,56.1872909698997,78.149386845039,8820,8718,8737,8751,8579,8911,52516,3831,
AREQUIPA,GRADO_3,0.660997437706562,NO,17.2463768115942,34.8550724637681,27.6086956521739,52.6811594202899,26894,27117,26929,26330,25755,26605,159630,9432,
AYACUCHO,GRADO_3,1.49842271293375,NO,15.0656530753283,63.0269523151348,53.628196268141,74.4298548721493,13535,13494,13948,13486,13694,13519,81676,6045,
CAJAMARCA,GRADO_3,2.23525779561593,NO,21.0162277201383,80.1010907156159,62.5166267624368,86.2463421122639,29970,30978,32390,31596,31636,31551,188121,12925,
CALLAO,GRADO_3,1.95983076399358,NO,16.6979362101313,20.2626641651032,16.1350844277674,35.2720450281426,19290,19476,20563,19609,19120,19277,117335,5411,
CUSCO,GRADO_3,1.83231329553561,NO,17.3889780631354,66.6666666666667,52.2739432851792,74.4783306581059,25915,26282,26633,26002,25884,26209,156925,9805,
HUANCAVELICA,GRADO_3,2.60712441920496,NO,13.7873754152824,74.4186046511628,57.8073089700997,80.5647840531561,7666,8163,7748,7707,7768,7802,46854,3842,
HUANUCO,GRADO_3,4.38905291846468,NO,31.5910396323952,79.035037334865,59.5634692705342,87.8805284319357,16828,17287,17612,17207,17160,17167,103261,6613,
ICA,GRADO_3,2.33000475511175,NO,10.8562691131499,23.394495412844,15.4434250764526,37.7675840978593,18531,18938,18927,18084,17751,18017,110248,5513,
JUNIN,GRADO_3,3.01834393042461,NO,26.5486725663717,65.353982300885,54.070796460177,69.070796460177,27049,26467,27366,26886,26531,27335,161634,10197,
LA LIBERTAD,GRADO_3,2.45424395037465,NO,15.8653846153846,59.8076923076923,46.1538461538462,67.1153846153846,38822,39475,40705,39882,39277,38753,236914,12757,
LAMBAYEQUE,GRADO_3,2.03576932726426,NO,29.2748433303492,57.117278424351,44.0465532676813,48.0752014324082,25947,26903,27901,26998,26184,25841,159774,8089,
LIMA,GRADO_3,1.3969102333337,NO,7.25933719095212,16.0091180080659,11.6955988076451,28.9847448711205,173606,177474,181114,175222,172755,173288,1053459,54549,
LORETO,GRADO_3,7.83486018801269,NO,87.1417197452229,94.2675159235669,75.7165605095542,94.0286624203822,27973,27948,33402,32998,30924,30686,183931,9914,
MADRE DE DIOS,GRADO_3,4.13361169102297,NO,41.9512195121951,75.1219512195122,64.8780487804878,76.5853658536585,4555,4470,4790,4564,4428,4283,27090,1218,
MOQUEGUA,GRADO_3,0.629524708844822,NO,27.8048780487805,53.6585365853659,37.0731707317073,69.7560975609756,3208,3353,3177,3078,3148,3284,19248,1293,
PASCO,GRADO_3,3.71801062288749,NO,40.7355021216407,82.6025459688826,68.5997171145686,85.997171145686,5982,5831,6213,6162,6107,5900,36195,2419,
PIURA,GRADO_3,1.87019902234637,NO,22.3668157787719,67.7511183407889,54.9410329402196,75.9251728344856,42669,43915,45824,44482,43995,43435,264320,13461,
PUNO,GRADO_3,0.788716711515264,NO,23.1832139201638,73.5414534288639,63.9201637666326,84.0839303991812,20949,21891,21554,21882,21993,22060,130329,9663,
SAN MARTIN,GRADO_3,3.61214238916794,NO,21.5843023255814,74.3459302325582,53.2703488372093,82.4854651162791,19537,20877,22895,21771,21540,21243,127863,7078,
TACNA,GRADO_3,0.707964601769912,NO,15.7894736842105,40.080971659919,26.3157894736842,50.2024291497976,5909,5894,6215,5872,6136,6132,36158,1973,
TUMBES,GRADO_3,2.17074060561839,NO,19.5530726256983,34.0782122905028,30.1675977653631,56.4245810055866,5138,5345,5482,5430,5074,5155,31624,1662,
UCAYALI,GRADO_3,9.22463646061423,NO,76.5033407572383,94.8775055679287,71.9376391982183,88.641425389755,15531,15802,17811,17366,16015,16134,98659,4597,
AMAZONAS,GRADO_4,9.62182061579652,NO,40.3726708074534,80.3571428571429,59.3944099378882,93.0124223602485,10269,10446,11874,11952,11397,10873,66811,4222,
ANCASH,GRADO_4,4.02453880960668,NO,18.494623655914,54.0322580645161,40.752688172043,76.989247311828,22039,22831,23227,22984,23115,22839,137035,8799,
APURIMAC,GRADO_4,2.36544394926294,NO,14.38127090301,69.5652173913044,56.1872909698997,78.149386845039,8820,8718,8737,8751,8579,8911,52516,3831,
AREQUIPA,GRADO_4,1.37105962780099,NO,17.2463768115942,34.8550724637681,27.6086956521739,52.6811594202899,26894,27117,26929,26330,25755,26605,159630,9432,
AYACUCHO,GRADO_4,2.66201987246033,NO,15.0656530753283,63.0269523151348,53.628196268141,74.4298548721493,13535,13494,13948,13486,13694,13519,81676,6045,
CAJAMARCA,GRADO_4,4.332826940119,NO,21.0162277201383,80.1010907156159,62.5166267624368,86.2463421122639,29970,30978,32390,31596,31636,31551,188121,12925,
CALLAO,GRADO_4,3.44739660360039,NO,16.6979362101313,20.2626641651032,16.1350844277674,35.2720450281426,19290,19476,20563,19609,19120,19277,117335,5411,
CUSCO,GRADO_4,3.06899469271595,NO,17.3889780631354,66.6666666666667,52.2739432851792,74.4783306581059,25915,26282,26633,26002,25884,26209,156925,9805,
HUANCAVELICA,GRADO_4,4.26884650317893,NO,13.7873754152824,74.4186046511628,57.8073089700997,80.5647840531561,7666,8163,7748,7707,7768,7802,46854,3842,
HUANUCO,GRADO_4,7.24705061893415,NO,31.5910396323952,79.035037334865,59.5634692705342,87.8805284319357,16828,17287,17612,17207,17160,17167,103261,6613,
ICA,GRADO_4,2.68192877681929,NO,10.8562691131499,23.394495412844,15.4434250764526,37.7675840978593,18531,18938,18927,18084,17751,18017,110248,5513,
JUNIN,GRADO_4,4.61206575913115,NO,26.5486725663717,65.353982300885,54.070796460177,69.070796460177,27049,26467,27366,26886,26531,27335,161634,10197,
LA LIBERTAD,GRADO_4,3.95416478611905,NO,15.8653846153846,59.8076923076923,46.1538461538462,67.1153846153846,38822,39475,40705,39882,39277,38753,236914,12757,
LAMBAYEQUE,GRADO_4,3.11134158085784,NO,29.2748433303492,57.117278424351,44.0465532676813,48.0752014324082,25947,26903,27901,26998,26184,25841,159774,8089,
LIMA,GRADO_4,2.06366780427115,NO,7.25933719095212,16.0091180080659,11.6955988076451,28.9847448711205,173606,177474,181114,175222,172755,173288,1053459,54549,
LORETO,GRADO_4,11.3794775440936,NO,87.1417197452229,94.2675159235669,75.7165605095542,94.0286624203822,27973,27948,33402,32998,30924,30686,183931,9914,
MADRE DE DIOS,GRADO_4,6.94566170026293,NO,41.9512195121951,75.1219512195122,64.8780487804878,76.5853658536585,4555,4470,4790,4564,4428,4283,27090,1218,
MOQUEGUA,GRADO_4,1.16959064327485,NO,27.8048780487805,53.6585365853659,37.0731707317073,69.7560975609756,3208,3353,3177,3078,3148,3284,19248,1293,
PASCO,GRADO_4,5.3554040895813,NO,40.7355021216407,82.6025459688826,68.5997171145686,85.997171145686,5982,5831,6213,6162,6107,5900,36195,2419,
PIURA,GRADO_4,3.04842408165101,NO,22.3668157787719,67.7511183407889,54.9410329402196,75.9251728344856,42669,43915,45824,44482,43995,43435,264320,13461,
PUNO,GRADO_4,1.35270998994607,NO,23.1832139201638,73.5414534288639,63.9201637666326,84.0839303991812,20949,21891,21554,21882,21993,22060,130329,9663,
SAN MARTIN,GRADO_4,5.66349731293923,NO,21.5843023255814,74.3459302325582,53.2703488372093,82.4854651162791,19537,20877,22895,21771,21540,21243,127863,7078,
TACNA,GRADO_4,0.800408719346049,NO,15.7894736842105,40.080971659919,26.3157894736842,50.2024291497976,5909,5894,6215,5872,6136,6132,36158,1973,
TUMBES,GRADO_4,2.92817679558011,NO,19.5530726256983,34.0782122905028,30.1675977653631,56.4245810055866,5138,5345,5482,5430,5074,5155,31624,1662,
UCAYALI,GRADO_4,13.065760681792,NO,76.5033407572383,94.8775055679287,71.9376391982183,88.641425389755,15531,15802,17811,17366,16015,16134,98659,4597,
AMAZONAS,GRADO_5,11.1959287531807,NO,40.3726708074534,80.3571428571429,59.3944099378882,93.0124223602485,10269,10446,11874,11952,11397,10873,66811,4222,
ANCASH,GRADO_5,5.54185593770279,NO,18.494623655914,54.0322580645161,40.752688172043,76.989247311828,22039,22831,23227,22984,23115,22839,137035,8799,
APURIMAC,GRADO_5,3.40366010024478,NO,14.38127090301,69.5652173913044,56.1872909698997,78.149386845039,8820,8718,8737,8751,8579,8911,52516,3831,
AREQUIPA,GRADO_5,1.52591729761211,NO,17.2463768115942,34.8550724637681,27.6086956521739,52.6811594202899,26894,27117,26929,26330,25755,26605,159630,9432,
AYACUCHO,GRADO_5,3.44676500657222,NO,15.0656530753283,63.0269523151348,53.628196268141,74.4298548721493,13535,13494,13948,13486,13694,13519,81676,6045,
CAJAMARCA,GRADO_5,5.03856366165128,NO,21.0162277201383,80.1010907156159,62.5166267624368,86.2463421122639,29970,30978,32390,31596,31636,31551,188121,12925,
CALLAO,GRADO_5,3.56694560669456,NO,16.6979362101313,20.2626641651032,16.1350844277674,35.2720450281426,19290,19476,20563,19609,19120,19277,117335,5411,
CUSCO,GRADO_5,3.75521557719054,NO,17.3889780631354,66.6666666666667,52.2739432851792,74.4783306581059,25915,26282,26633,26002,25884,26209,156925,9805,
HUANCAVELICA,GRADO_5,5.38105046343975,NO,13.7873754152824,74.4186046511628,57.8073089700997,80.5647840531561,7666,8163,7748,7707,7768,7802,46854,3842,
HUANUCO,GRADO_5,8.71212121212121,NO,31.5910396323952,79.035037334865,59.5634692705342,87.8805284319357,16828,17287,17612,17207,17160,17167,103261,6613,
ICA,GRADO_5,3.29558898090248,NO,10.8562691131499,23.394495412844,15.4434250764526,37.7675840978593,18531,18938,18927,18084,17751,18017,110248,5513,
JUNIN,GRADO_5,5.47284308921639,NO,26.5486725663717,65.353982300885,54.070796460177,69.070796460177,27049,26467,27366,26886,26531,27335,161634,10197,
LA LIBERTAD,GRADO_5,4.97237569060774,NO,15.8653846153846,59.8076923076923,46.1538461538462,67.1153846153846,38822,39475,40705,39882,39277,38753,236914,12757,
LAMBAYEQUE,GRADO_5,3.75802016498625,NO,29.2748433303492,57.117278424351,44.0465532676813,48.0752014324082,25947,26903,27901,26998,26184,25841,159774,8089,
LIMA,GRADO_5,2.24479754565714,NO,7.25933719095212,16.0091180080659,11.6955988076451,28.9847448711205,173606,177474,181114,175222,172755,173288,1053459,54549,
LORETO,GRADO_5,14.6843875307205,NO,87.1417197452229,94.2675159235669,75.7165605095542,94.0286624203822,27973,27948,33402,32998,30924,30686,183931,9914,
MADRE DE DIOS,GRADO_5,7.79132791327913,NO,41.9512195121951,75.1219512195122,64.8780487804878,76.5853658536585,4555,4470,4790,4564,4428,4283,27090,1218,
MOQUEGUA,GRADO_5,1.55654383735705,NO,27.8048780487805,53.6585365853659,37.0731707317073,69.7560975609756,3208,3353,3177,3078,3148,3284,19248,1293,
PASCO,GRADO_5,7.041100376617,NO,40.7355021216407,82.6025459688826,68.5997171145686,85.997171145686,5982,5831,6213,6162,6107,5900,36195,2419,
PIURA,GRADO_5,3.95272190021593,NO,22.3668157787719,67.7511183407889,54.9410329402196,75.9251728344856,42669,43915,45824,44482,43995,43435,264320,13461,
PUNO,GRADO_5,1.24130405128905,NO,23.1832139201638,73.5414534288639,63.9201637666326,84.0839303991812,20949,21891,21554,21882,21993,22060,130329,9663,
SAN MARTIN,GRADO_5,6.25812441968431,NO,21.5843023255814,74.3459302325582,53.2703488372093,82.4854651162791,19537,20877,22895,21771,21540,21243,127863,7078,
TACNA,GRADO_5,1.30378096479791,NO,15.7894736842105,40.080971659919,26.3157894736842,50.2024291497976,5909,5894,6215,5872,6136,6132,36158,1973,
TUMBES,GRADO_5,2.95624753646039,NO,19.5530726256983,34.0782122905028,30.1675977653631,56.4245810055866,5138,5345,5482,5430,5074,5155,31624,1662,
UCAYALI,GRADO_5,17.3961910708711,NO,76.5033407572383,94.8775055679287,71.9376391982183,88.641425389755,15531,15802,17811,17366,16015,16134,98659,4597,
AMAZONAS,GRADO_6,11.6895061160673,NO,40.3726708074534,80.3571428571429,59.3944099378882,93.0124223602485,10269,10446,11874,11952,11397,10873,66811,4222,
ANCASH,GRADO_6,6.04229607250755,NO,18.494623655914,54.0322580645161,40.752688172043,76.989247311828,22039,22831,23227,22984,23115,22839,137035,8799,
APURIMAC,GRADO_6,4.6908315565032,NO,14.38127090301,69.5652173913044,56.1872909698997,78.149386845039,8820,8718,8737,8751,8579,8911,52516,3831,
AREQUIPA,GRADO_6,1.54106370982898,NO,17.2463768115942,34.8550724637681,27.6086956521739,52.6811594202899,26894,27117,26929,26330,25755,26605,159630,9432,
AYACUCHO,GRADO_6,4.3716251202012,NO,15.0656530753283,63.0269523151348,53.628196268141,74.4298548721493,13535,13494,13948,13486,13694,13519,81676,6045,
CAJAMARCA,GRADO_6,5.74942157142404,NO,21.0162277201383,80.1010907156159,62.5166267624368,86.2463421122639,29970,30978,32390,31596,31636,31551,188121,12925,
CALLAO,GRADO_6,3.59495772163718,NO,16.6979362101313,20.2626641651032,16.1350844277674,35.2720450281426,19290,19476,20563,19609,19120,19277,117335,5411,
CUSCO,GRADO_6,4.07493609065588,NO,17.3889780631354,66.6666666666667,52.2739432851792,74.4783306581059,25915,26282,26633,26002,25884,26209,156925,9805,
HUANCAVELICA,GRADO_6,6.66495770315304,NO,13.7873754152824,74.4186046511628,57.8073089700997,80.5647840531561,7666,8163,7748,7707,7768,7802,46854,3842,
HUANUCO,GRADO_6,9.01730063493913,NO,31.5910396323952,79.035037334865,59.5634692705342,87.8805284319357,16828,17287,17612,17207,17160,17167,103261,6613,
ICA,GRADO_6,3.641005716823,NO,10.8562691131499,23.394495412844,15.4434250764526,37.7675840978593,18531,18938,18927,18084,17751,18017,110248,5513,
JUNIN,GRADO_6,5.92280958478142,NO,26.5486725663717,65.353982300885,54.070796460177,69.070796460177,27049,26467,27366,26886,26531,27335,161634,10197,
LA LIBERTAD,GRADO_6,5.21249967744433,NO,15.8653846153846,59.8076923076923,46.1538461538462,67.1153846153846,38822,39475,40705,39882,39277,38753,236914,12757,
LAMBAYEQUE,GRADO_6,4.33419759297241,NO,29.2748433303492,57.117278424351,44.0465532676813,48.0752014324082,25947,26903,27901,26998,26184,25841,159774,8089,
LIMA,GRADO_6,2.44217718480218,NO,7.25933719095212,16.0091180080659,11.6955988076451,28.9847448711205,173606,177474,181114,175222,172755,173288,1053459,54549,
LORETO,GRADO_6,15.1013491494493,NO,87.1417197452229,94.2675159235669,75.7165605095542,94.0286624203822,27973,27948,33402,32998,30924,30686,183931,9914,
MADRE DE DIOS,GRADO_6,7.86831660051366,NO,41.9512195121951,75.1219512195122,64.8780487804878,76.5853658536585,4555,4470,4790,4564,4428,4283,27090,1218,
MOQUEGUA,GRADO_6,1.61388550548112,NO,27.8048780487805,53.6585365853659,37.0731707317073,69.7560975609756,3208,3353,3177,3078,3148,3284,19248,1293,
PASCO,GRADO_6,7.66101694915254,NO,40.7355021216407,82.6025459688826,68.5997171145686,85.997171145686,5982,5831,6213,6162,6107,5900,36195,2419,
PIURA,GRADO_6,4.26844710486934,NO,22.3668157787719,67.7511183407889,54.9410329402196,75.9251728344856,42669,43915,45824,44482,43995,43435,264320,13461,
PUNO,GRADO_6,1.4687216681777,NO,23.1832139201638,73.5414534288639,63.9201637666326,84.0839303991812,20949,21891,21554,21882,21993,22060,130329,9663,
SAN MARTIN,GRADO_6,6.37386433177988,NO,21.5843023255814,74.3459302325582,53.2703488372093,82.4854651162791,19537,20877,22895,21771,21540,21243,127863,7078,
TACNA,GRADO_6,1.59817351598174,NO,15.7894736842105,40.080971659919,26.3157894736842,50.2024291497976,5909,5894,6215,5872,6136,6132,36158,1973,
TUMBES,GRADO_6,3.31716779825412,NO,19.5530726256983,34.0782122905028,30.1675977653631,56.4245810055866,5138,5345,5482,5430,5074,5155,31624,1662,
UCAYALI,GRADO_6,16.331969753316,NO,76.5033407572383,94.8775055679287,71.9376391982183,88.641425389755,15531,15802,17811,17366,16015,16134,98659,4597,
AMAZONAS,TOTAL,7.0557243567676,NO,40.3726708074534,80.3571428571429,59.3944099378882,93.0124223602485,10269,10446,11874,11952,11397,10873,66811,4222,
ANCASH,TOTAL,3.15247929361112,NO,18.494623655914,54.0322580645161,40.752688172043,76.989247311828,22039,22831,23227,22984,23115,22839,137035,8799,
APURIMAC,TOTAL,2.08127046995201,NO,14.38127090301,69.5652173913044,56.1872909698997,78.149386845039,8820,8718,8737,8751,8579,8911,52516,3831,
AREQUIPA,TOTAL,0.906471214683957,NO,17.2463768115942,34.8550724637681,27.6086956521739,52.6811594202899,26894,27117,26929,26330,25755,26605,159630,9432,
AYACUCHO,TOTAL,2.0911895783339,NO,15.0656530753283,63.0269523151348,53.628196268141,74.4298548721493,13535,13494,13948,13486,13694,13519,81676,6045,
CAJAMARCA,TOTAL,3.03953306648381,NO,21.0162277201383,80.1010907156159,62.5166267624368,86.2463421122639,29970,30978,32390,31596,31636,31551,188121,12925,
CALLAO,TOTAL,2.37184130907231,NO,16.6979362101313,20.2626641651032,16.1350844277674,35.2720450281426,19290,19476,20563,19609,19120,19277,117335,5411,
CUSCO,TOTAL,2.27433487334714,NO,17.3889780631354,66.6666666666667,52.2739432851792,74.4783306581059,25915,26282,26633,26002,25884,26209,156925,9805,
HUANCAVELICA,TOTAL,3.28253724335169,NO,13.7873754152824,74.4186046511628,57.8073089700997,80.5647840531561,7666,8163,7748,7707,7768,7802,46854,3842,
HUANUCO,TOTAL,5.17329872846476,NO,31.5910396323952,79.035037334865,59.5634692705342,87.8805284319357,16828,17287,17612,17207,17160,17167,103261,6613,
ICA,TOTAL,2.17600319280168,NO,10.8562691131499,23.394495412844,15.4434250764526,37.7675840978593,18531,18938,18927,18084,17751,18017,110248,5513,
JUNIN,TOTAL,3.52277367385575,NO,26.5486725663717,65.353982300885,54.070796460177,69.070796460177,27049,26467,27366,26886,26531,27335,161634,10197,
LA LIBERTAD,TOTAL,2.9736528867015,NO,15.8653846153846,59.8076923076923,46.1538461538462,67.1153846153846,38822,39475,40705,39882,39277,38753,236914,12757,
LAMBAYEQUE,TOTAL,2.32390751937111,NO,29.2748433303492,57.117278424351,44.0465532676813,48.0752014324082,25947,26903,27901,26998,26184,25841,159774,8089,
LIMA,TOTAL,1.48501270576264,NO,7.25933719095212,16.0091180080659,11.6955988076451,28.9847448711205,173606,177474,181114,175222,172755,173288,1053459,54549,
LORETO,TOTAL,9.13168525153454,NO,87.1417197452229,94.2675159235669,75.7165605095542,94.0286624203822,27973,27948,33402,32998,30924,30686,183931,9914,
MADRE DE DIOS,TOTAL,5.13473606496862,NO,41.9512195121951,75.1219512195122,64.8780487804878,76.5853658536585,4555,4470,4790,4564,4428,4283,27090,1218,
MOQUEGUA,TOTAL,0.846841230257689,NO,27.8048780487805,53.6585365853659,37.0731707317073,69.7560975609756,3208,3353,3177,3078,3148,3284,19248,1293,
PASCO,TOTAL,4.4039231938113,NO,40.7355021216407,82.6025459688826,68.5997171145686,85.997171145686,5982,5831,6213,6162,6107,5900,36195,2419,
PIURA,TOTAL,2.3346700968523,NO,22.3668157787719,67.7511183407889,54.9410329402196,75.9251728344856,42669,43915,45824,44482,43995,43435,264320,13461,
PUNO,TOTAL,0.905400946834549,NO,23.1832139201638,73.5414534288639,63.9201637666326,84.0839303991812,20949,21891,21554,21882,21993,22060,130329,9663,
SAN MARTIN,TOTAL,4.01288879503844,NO,21.5843023255814,74.3459302325582,53.2703488372093,82.4854651162791,19537,20877,22895,21771,21540,21243,127863,7078,
TACNA,TOTAL,0.813098069583495,NO,15.7894736842105,40.080971659919,26.3157894736842,50.2024291497976,5909,5894,6215,5872,6136,6132,36158,1973,
TUMBES,TOTAL,1.9636984568682,NO,19.5530726256983,34.0782122905028,30.1675977653631,56.4245810055866,5138,5345,5482,5430,5074,5155,31624,1662,
UCAYALI,TOTAL,10.5748081776625,NO,76.5033407572383,94.8775055679287,71.9376391982183,88.641425389755,15531,15802,17811,17366,16015,16134,98659,4597,
